datetime,value
2020-12-11 05:00:02.207000,139.784
2020-12-11 05:15:02.590000,145.2751
2020-12-11 05:30:02.347000,144.6566
2020-12-11 05:45:02.164000,140.8305
2020-12-11 06:00:02.250000,140.5686
2020-12-11 06:15:02.113000,136.1336
2020-12-11 06:30:02.364000,143.6776
2020-12-11 06:45:02.144000,134.6907
2020-12-11 07:00:02.212000,142.7601
2020-12-11 07:15:02.132000,152.4732
2020-12-11 07:30:02.100000,146.888
2020-12-11 07:45:02.100000,142.4456
2020-12-11 08:00:02.171000,144.1202
2020-12-11 08:15:02.114000,139.2734
2020-12-11 08:30:02.180000,146.9451
2020-12-11 08:45:02.176000,137.6324
2020-12-11 09:00:02.244000,147.3644
2020-12-11 09:15:02.163000,148.0983
2020-12-11 09:30:02.173000,146.6776
2020-12-11 09:45:02.237000,147.0141
2020-12-11 10:00:02.180000,148.4936
2020-12-11 10:15:02.099000,146.8347
2020-12-11 10:30:02.083000,142.1949
2020-12-11 10:45:02.143000,145.6338
2020-12-11 11:00:02.114000,139.9133
2020-12-11 11:15:02.094000,145.3869
2020-12-11 11:30:02.129000,145.762
2020-12-11 11:45:02.229000,148.392
2020-12-11 12:00:02.249000,251.0599
2020-12-11 12:15:02.285000,456.4612
2020-12-11 12:30:02.170000,447.0663
2020-12-11 12:45:02.126000,420.6225
2020-12-11 13:00:02.257000,384.6216
2020-12-11 13:15:02.267000,342.3282
2020-12-11 13:30:02.179000,277.6998
2020-12-11 13:45:02.148000,234.1355
2020-12-11 14:00:02.115000,202.9201
2020-12-11 14:15:02.201000,162.9325
2020-12-11 14:30:02.195000,111.2755
2020-12-11 14:45:02.229000,65.7747
2020-12-11 15:00:02.107000,40.1468
2020-12-11 15:15:02.108000,6.7092
2020-12-11 15:30:02.141000,0.5627257227897644
2020-12-11 15:45:02.142000,0.04734797403216362
2020-12-11 16:00:02.118000,0.00397520000115037
2020-12-11 16:15:02.408000,0.00033351994352415204
2020-12-11 16:30:02.138000,2.8039603421348147e-05
2020-12-11 16:45:02.351000,2.3588688691233983e-06
2020-12-11 17:00:02.191000,1.9790310545886314e-07
2020-12-11 17:15:02.293000,1.664895954434087e-08
2020-12-11 17:30:02.164000,1.4008879611893121e-09
2020-12-11 17:45:02.354000,1.1785296349930974e-10
2020-12-11 18:00:02.117000,9.915455609355028e-12
2020-12-11 18:15:02.312000,8.342056429314071e-13
2020-12-11 18:30:02.138000,7.018243272779653e-14
2020-12-11 18:45:02.108000,5.904878433546541e-15
2020-12-11 19:00:02.143000,4.967765120538522e-16
2020-12-11 19:15:02.156000,4.2704790618548606e-17
2020-12-11 19:30:02.173000,3.593220054961455e-18
2020-12-11 19:45:02.148000,9.5761
2020-12-11 20:00:02.155000,49.5553
2020-12-11 20:15:02.156000,63.6057
2020-12-11 20:30:02.103000,102.6264
2020-12-11 20:45:02.197000,149.2766
2020-12-11 21:00:02.290000,180.6948
2020-12-11 21:15:02.169000,216.3446
2020-12-11 21:30:02.193000,227.5226
2020-12-11 21:45:02.294000,228.9528
2020-12-11 22:00:02.149000,228.4508
2020-12-11 22:15:02.263000,238.0447
2020-12-11 22:30:02.162000,242.3816
2020-12-11 22:45:02.199000,237.1471
2020-12-11 23:00:02.112000,221.9302
2020-12-11 23:15:02.144000,128.339
2020-12-11 23:30:02.150000,111.6242
2020-12-11 23:45:02.168000,113.2263
2020-12-12 00:00:02.180000,121.163
2020-12-12 00:15:02.151000,117.497
2020-12-12 00:30:02.091000,108.7675
2020-12-12 00:45:02.529000,111.3994
2020-12-12 01:00:02.105000,118.1762
2020-12-12 01:15:02.100000,116.5174
2020-12-12 01:30:02.227000,112.9449
2020-12-12 01:45:02.106000,122.893
2020-12-12 02:00:02.131000,123.7915
2020-12-12 02:15:02.194000,117.0366
2020-12-12 02:30:02.182000,116.5942
2020-12-12 02:45:02.188000,110.5272
2020-12-12 03:00:02.204000,110.9771
2020-12-12 03:15:02.152000,114.2321
2020-12-12 03:30:02.180000,110.8805
2020-12-12 03:45:02.142000,122.3175
2020-12-12 04:00:02.087000,119.3386
2020-12-12 04:15:02.092000,119.1104
2020-12-12 04:30:02.157000,119.4796
2020-12-12 04:45:02.203000,132.7245
2020-12-12 05:00:02.097000,126.5994
2020-12-12 05:15:02.087000,130.3508
2020-12-12 05:30:17.591000,118.3015
2020-12-12 05:45:02.135000,126.8453
2020-12-12 06:00:02.078000,130.2165
2020-12-12 06:15:02.083000,114.5611
2020-12-12 06:30:02.124000,127.6597
2020-12-12 06:45:02.144000,125.4111
2020-12-12 07:00:02.175000,126.3112
2020-12-12 07:15:02.167000,121.1793
2020-12-12 07:30:02.085000,129.6429
2020-12-12 07:45:02.089000,125.4563
2020-12-12 08:00:02.205000,130.3279
2020-12-12 08:15:02.090000,134.1267
2020-12-12 08:30:02.090000,133.6863
2020-12-12 08:45:02.263000,132.0577
2020-12-12 09:00:02.130000,128.2982
2020-12-12 09:15:02.144000,126.5924
2020-12-12 09:30:02.197000,127.7142
2020-12-12 09:45:02.119000,128.4617
2020-12-12 10:00:02.170000,131.927
2020-12-12 10:15:02.169000,165.0355
2020-12-12 10:30:02.103000,200.1714
2020-12-12 10:45:02.146000,184.4597
2020-12-12 11:00:02.263000,189.5295
2020-12-12 11:15:02.096000,188.074
2020-12-12 11:30:02.141000,192.9116
2020-12-12 11:45:02.169000,191.2551
2020-12-12 12:00:02.161000,272.3277
2020-12-12 12:15:02.179000,374.3978
2020-12-12 12:30:02.186000,358.8938
2020-12-12 12:45:02.291000,330.0709
2020-12-12 13:00:02.255000,303.5921
2020-12-12 13:15:02.118000,287.2268
2020-12-12 13:30:02.095000,276.7585
2020-12-12 13:45:02.139000,274.4339
2020-12-12 14:00:02.114000,239.7636
2020-12-12 14:15:02.102000,211.0763
2020-12-12 14:30:02.315000,191.9724
2020-12-12 14:45:02.111000,150.4319
2020-12-12 15:00:02.150000,142.7653
2020-12-12 15:15:02.190000,141.518
2020-12-12 15:30:02.237000,152.135
2020-12-12 15:45:02.154000,83.5869
2020-12-12 16:00:02.211000,158.9621
2020-12-12 16:15:02.113000,62.6159
2020-12-12 16:30:02.119000,10.8391
2020-12-12 16:45:02.290000,4.4265
2020-12-12 17:00:02.342000,112.783
2020-12-12 17:15:02.138000,101.6435
2020-12-12 17:30:02.184000,36.7078
2020-12-12 17:45:02.153000,3.0886
2020-12-12 18:00:02.105000,0.2598222494125366
2020-12-12 18:15:02.152000,0.021858282387256622
2020-12-12 18:30:02.102000,0.0018389999167993665
2020-12-12 18:45:02.099000,0.00015472588711418211
2020-12-12 19:00:02.145000,1.2990989489480853e-05
2020-12-12 19:15:02.157000,1.093011633201968e-06
2020-12-12 19:30:02.136000,9.195050409971373e-08
2020-12-12 19:45:02.166000,5.4655
2020-12-12 20:00:02.551000,8.0625
2020-12-12 20:15:02.149000,21.1
2020-12-12 20:30:02.191000,2.544
2020-12-12 20:45:02.142000,12.3558
2020-12-12 21:00:02.104000,59.4341
2020-12-12 21:15:02.130000,65.507
2020-12-12 21:30:02.112000,84.2471
2020-12-12 21:45:02.216000,78.8773
2020-12-12 22:00:02.203000,89.7874
2020-12-12 22:15:02.104000,89.2047
2020-12-12 22:30:02.197000,95.5878
2020-12-12 22:45:02.107000,96.5106
2020-12-12 23:00:02.150000,86.824
2020-12-12 23:15:02.128000,88.9209
2020-12-12 23:30:02.102000,88.2634
2020-12-12 23:45:02.143000,93.7748
2020-12-13 00:00:02.151000,95.7965
2020-12-13 00:15:02.135000,96.265
2020-12-13 00:30:02.177000,95.8315
2020-12-13 00:45:02.104000,93.941
2020-12-13 01:00:02.113000,103.0509
2020-12-13 01:15:02.136000,100.6583
2020-12-13 01:30:02.202000,107.4063
2020-12-13 05:00:02.137000,105.9355
2020-12-13 05:15:17.183000,105.3663
2020-12-13 05:30:02.130000,107.2725
2020-12-13 05:45:02.137000,102.9007
2020-12-13 06:00:02.127000,110.8938
2020-12-13 06:15:02.094000,103.5416
2020-12-13 06:30:02.108000,99.0293
2020-12-13 06:45:02.149000,95.7547
2020-12-13 07:00:02.107000,88.76
2020-12-13 07:15:02.096000,102.7055
2020-12-13 07:30:02.154000,97.554
2020-12-13 07:45:02.158000,103.7784
2020-12-13 08:00:02.140000,103.3397
2020-12-13 08:15:02.309000,103.6412
2020-12-13 08:30:02.145000,104.6969
2020-12-13 08:45:02.226000,101.5729
2020-12-13 09:00:02.141000,110.105
2020-12-13 09:15:02.239000,106.313
2020-12-13 09:30:02.102000,109.6073
2020-12-13 09:45:02.275000,111.3678
2020-12-13 10:00:02.157000,101.0041
2020-12-13 10:15:02.148000,104.7536
2020-12-13 10:30:02.189000,111.2927
2020-12-13 10:45:02.135000,100.5092
2020-12-13 11:00:02.137000,117.0328
2020-12-13 11:15:02.195000,120.7331
2020-12-13 11:30:02.259000,110.578
2020-12-13 11:45:02.156000,105.5492
2020-12-13 12:00:02.194000,116.8425
2020-12-13 12:15:02.103000,110.2506
2020-12-13 12:30:02.127000,94.1131
2020-12-13 12:45:02.137000,92.5058
2020-12-13 13:00:02.083000,75.9514
2020-12-13 13:15:02.214000,36.823
2020-12-13 13:30:02.114000,21.7206
2020-12-13 13:45:02.163000,1.8275
2020-12-13 14:00:02.173000,2.2232
2020-12-13 14:15:02.141000,0.187054842710495
2020-12-13 14:30:02.147000,0.015718214213848114
2020-12-13 14:45:02.584000,0.0013223866699263453
2020-12-13 15:00:02.273000,0.00011123855074401945
2020-12-13 15:15:02.211000,9.357167073176242e-06
2020-12-13 15:30:02.090000,7.872546348153264e-07
2020-12-13 15:45:02.276000,6.623458403964833e-08
2020-12-13 16:00:02.095000,5.572988293067738e-09
2020-12-13 16:15:02.118000,4.688434085409199e-10
2020-12-13 16:30:02.312000,3.944643917064283e-11
2020-12-13 16:45:02.156000,3.318463993179366e-12
2020-12-13 17:00:02.202000,2.7919021803636535e-13
2020-12-13 17:15:02.358000,2.3486895479700454e-14
2020-12-13 05:00:01.687000,112.6836
2020-12-13 05:15:01.492000,112.2676
2020-12-13 05:30:02.497000,103.3616
2020-12-13 05:45:01.497000,102.9633
2020-12-13 06:00:01.638000,109.8079
2020-12-13 06:15:01.570000,110.8528
2020-12-13 06:30:01.476000,102.379
2020-12-13 06:45:01.614000,99.0293
2020-12-13 07:00:01.680000,99.0293
2020-12-13 07:15:01.543000,99.0293
2020-12-13 07:30:01.642000,99.0293
2020-12-13 07:45:02.500000,98.9409
2020-12-13 08:00:01.478000,104.0043
2020-12-13 08:15:01.509000,103.5599
2020-12-13 08:30:01.479000,109.5841
2020-12-13 08:45:01.497000,104.6969
2020-12-13 09:00:01.497000,104.6969
2020-12-13 09:15:08.288000,104.6969
2020-12-13 09:30:02.605000,104.6969
2020-12-13 09:45:01.493000,103.8021
2020-12-13 10:00:01.499000,102.3822
2020-12-13 10:15:01.515000,96.13
2020-12-13 10:30:01.504000,108.7526
2020-12-13 10:45:01.523000,114.0767
2020-12-13 11:00:01.497000,114.0767
2020-12-13 11:15:01.550000,114.0767
2020-12-13 11:30:01.498000,114.0767
2020-12-13 11:45:01.529000,114.0767
2020-12-13 12:00:02.503000,114.0767
2020-12-13 12:15:00.998000,114.0767
2020-12-13 12:30:01.486000,114.0767
2020-12-13 12:45:01.520000,114.0767
2020-12-13 13:00:01.527000,114.0767
2020-12-13 13:15:00.979000,114.0767
2020-12-13 13:30:01.555000,114.0767
2020-12-13 13:45:01.498000,5.8016
2020-12-13 14:00:01.484000,7.0581
2020-12-13 14:15:00.995000,0.5938205122947693
2020-12-13 14:30:01.482000,0.04996340349316597
2020-12-13 14:45:01.516000,0.013327393680810928
2020-12-13 15:00:01.464000,0.013327393680810928
2020-12-13 15:15:00.981000,0.013327393680810928
2020-12-13 15:30:01.485000,0.013327393680810928
2020-12-13 15:45:01.505000,0.013327393680810928
2020-12-13 16:00:01.522000,0.013327393680810928
2020-12-13 16:15:00.994000,0.013327393680810928
2020-12-13 16:30:01.503000,0.013327393680810928
2020-12-13 16:45:01.502000,1.0535169091274721e-11
2020-12-13 17:00:02.220000,8.863142424847537e-13
2020-12-13 17:15:00.958000,7.456235878288558e-14
2020-12-13 17:30:02.148000,1.9758248399074025e-15
2020-12-13 17:45:02.132000,1.6565477612500535e-16
2020-12-13 18:00:02.097000,1.3895487818561866e-17
2020-12-13 18:15:02.120000,1.1660682377098776e-18
2020-12-13 18:30:02.158000,9.810348493946984e-20
2020-12-13 18:45:02.155000,8.23309665780221e-21
2020-12-13 19:00:02.143000,6.926781368950644e-22
2020-12-13 19:15:02.144000,5.960420954038642e-23
2020-12-13 19:30:02.131000,5.0011020377843875e-24
2020-12-13 19:45:02.144000,4.207457184211276e-25
2020-12-13 20:00:02.088000,3.539790828752115e-26
2020-12-13 20:15:02.116000,2.9782875327285706e-27
2020-12-13 20:30:02.143000,18.1785
2020-12-13 20:45:00.084000,44.1322
2020-12-13 21:00:02.239000,76.5478
2020-12-13 21:15:02.182000,84.3121
2020-12-13 21:30:02.196000,88.1034
2020-12-13 21:45:02.196000,90.3527
2020-12-13 22:00:02.142000,98.4306
2020-12-13 22:15:02.211000,105.0737
2020-12-13 22:30:02.106000,92.1615
2020-12-13 22:45:02.237000,94.165
2020-12-13 23:00:02.212000,105.6987
2020-12-13 23:15:09.834000,108.6111
2020-12-13 23:30:07.485000,101.0553
2020-12-13 23:45:09.619000,114.8732
2020-12-14 00:00:07.514000,100.796
2020-12-14 00:15:07.291000,100.9116
2020-12-14 05:00:04.746000,125.6716
2020-12-14 05:16:26.202000,112.6507
2020-12-14 05:30:04.743000,122.814
2020-12-14 05:45:04.784000,124.8695
2020-12-14 06:00:04.816000,137.3535
2020-12-14 06:15:04.486000,133.9334
2020-12-14 06:30:02.147000,129.9392
2020-12-14 06:45:04.750000,126.1454
2020-12-14 07:00:04.477000,120.7777
2020-12-14 07:15:02.206000,133.9655
2020-12-14 07:30:04.744000,126.8453
2020-12-14 07:45:02.107000,130.1157
2020-12-14 08:00:04.765000,134.0329
2020-12-14 08:15:04.799000,118.5769
2020-12-14 08:30:05.200000,127.1666
2020-12-14 08:45:04.814000,124.5318
2020-12-14 09:00:04.752000,152.8943
2020-12-14 09:15:02.141000,197.9282
2020-12-14 09:30:04.735000,197.3033
2020-12-14 09:45:02.211000,197.3237
2020-12-14 10:00:04.667000,191.2348
2020-12-14 10:15:02.179000,191.8085
2020-12-14 10:30:04.430000,173.7137
2020-12-14 10:45:04.751000,176.5393
2020-12-14 11:00:02.107000,180.931
2020-12-14 11:15:02.199000,185.2479
2020-12-14 11:30:02.142000,171.8444
2020-12-14 11:45:02.162000,173.6205
2020-12-14 12:00:04.714000,252.8052
2020-12-14 12:15:02.139000,351.3802
2020-12-14 12:30:02.149000,357.2953
2020-12-14 12:45:02.166000,330.7082
2020-12-14 13:00:02.187000,318.1682
2020-12-14 13:15:02.205000,313.0568
2020-12-14 13:30:03.505000,323.707
2020-12-14 13:45:02.160000,306.9734
2020-12-14 14:00:02.472000,37.8639
2020-12-14 14:15:02.213000,271.174
2020-12-14 14:30:02.252000,289.5887
2020-12-14 14:45:02.293000,290.2833
2020-12-14 15:00:02.155000,274.5574
2020-12-14 15:15:02.194000,273.5172
2020-12-14 15:30:02.284000,268.3106
2020-12-14 15:45:02.154000,272.4841
2020-12-14 16:00:02.228000,272.7726
2020-12-14 16:15:02.236000,267.5665
2020-12-14 16:30:02.194000,275.8596
2020-12-14 16:45:02.188000,282.4188
2020-12-14 17:00:02.258000,260.1905
2020-12-14 17:15:02.312000,268.0833
2020-12-14 17:30:02.121000,265.835
2020-12-14 17:45:02.326000,264.7385
2020-12-14 18:00:02.451000,243.0802
2020-12-14 18:15:02.103000,236.1357
2020-12-14 18:30:02.172000,253.5928
2020-12-14 18:45:02.277000,264.7618
2020-12-14 19:00:02.122000,272.9883
2020-12-14 19:15:02.141000,279.3525
2020-12-14 19:30:02.285000,277.6288
2020-12-14 19:45:02.304000,281.1541
2020-12-14 20:00:02.280000,257.9019
2020-12-14 20:15:02.228000,265.4401
2020-12-14 20:30:02.222000,289.4108
2020-12-14 20:45:06.660000,266.5216
2020-12-14 21:00:02.823000,252.057
2020-12-14 21:15:02.415000,254.4155
2020-12-14 21:30:02.355000,271.4934
2020-12-14 21:45:02.255000,276.4542
2020-12-14 22:00:02.192000,293.2111
2020-12-14 22:15:02.243000,287.5698
2020-12-14 22:30:00.161000,300.0644
2020-12-14 22:45:02.264000,300.0919
2020-12-14 23:00:02.245000,297.095
2020-12-14 23:15:02.201000,195.7234
2020-12-14 23:30:07.173000,156.2292
2020-12-14 23:45:02.212000,156.1956
2020-12-15 00:00:02.154000,138.7786
2020-12-15 00:15:04.377000,142.2943
2020-12-15 00:30:04.368000,140.0405
2020-12-15 00:45:04.330000,139.378
2020-12-15 01:00:04.004000,132.4272
2020-12-15 01:15:04.354000,136.4543
2020-12-15 01:30:03.537000,135.9884
2020-12-15 01:45:04.172000,127.1734
2020-12-15 02:00:03.955000,135.0253
2020-12-15 02:15:02.270000,133.6064
2020-12-15 02:30:02.342000,134.6865
2020-12-15 02:45:02.240000,132.0023
2020-12-15 03:00:02.342000,137.5864
2020-12-15 03:15:02.252000,135.9552
2020-12-15 03:30:02.148000,134.108
2020-12-15 03:45:02.396000,124.4559
2020-12-15 04:00:02.175000,133.2134
2020-12-15 04:15:02.134000,128.5344
2020-12-15 04:30:04.565000,133.4556
2020-12-15 04:45:04.755000,140.3995
2020-12-15 05:00:02.114000,137.1674
2020-12-15 05:15:57.499000,136.4395
2020-12-15 05:30:16.763000,135.1015
2020-12-15 05:48:52.042000,130.8396
2020-12-15 06:00:21.811000,136.6108
2020-12-15 06:15:14.624000,141.8706
2020-12-15 06:30:02.158000,138.0896
2020-12-15 06:45:02.308000,144.2157
2020-12-15 07:00:02.161000,138.2705
2020-12-15 07:15:02.141000,136.3087
2020-12-15 07:30:02.164000,135.1848
2020-12-15 07:45:02.181000,137.083
2020-12-15 08:00:02.160000,137.5848
2020-12-15 08:15:02.561000,140.655
2020-12-15 08:30:02.154000,139.9469
2020-12-15 08:45:02.142000,139.7787
2020-12-15 09:00:07.129000,143.5682
2020-12-15 09:15:02.197000,225.4277
2020-12-15 09:30:02.347000,227.4971
2020-12-15 09:45:02.164000,218.4163
2020-12-15 10:00:02.131000,218.8885
2020-12-15 10:15:02.196000,223.644
2020-12-15 10:30:02.157000,215.6499
2020-12-15 10:45:02.139000,220.429
2020-12-15 11:00:02.148000,215.5865
2020-12-15 11:15:02.157000,212.8367
2020-12-15 11:30:02.124000,210.1785
2020-12-15 11:45:02.119000,213.7767
2020-12-15 12:00:02.174000,210.2953
2020-12-15 12:15:02.202000,435.1862
2020-12-15 12:30:02.231000,471.3192
2020-12-15 12:45:02.250000,451.5872
2020-12-15 13:00:02.160000,413.991
2020-12-15 13:15:02.375000,384.8919
2020-12-15 13:30:02.134000,324.2444
2020-12-15 13:45:02.199000,264.1511
2020-12-15 14:00:02.187000,254.5377
2020-12-15 14:15:02.150000,206.7748
2020-12-15 14:30:02.170000,123.2925
2020-12-15 14:45:02.338000,86.7766
2020-12-15 15:00:02.155000,26.6554
2020-12-15 15:15:02.190000,11.9067
2020-12-15 15:30:02.457000,1.7658
2020-12-15 15:45:02.204000,0.1483764499425888
2020-12-15 16:00:02.155000,0.012484567239880562
2020-12-15 16:15:02.349000,0.0010503372177481651
2020-12-15 16:30:02.173000,8.766604878474027e-05
2020-12-15 16:45:02.224000,7.368450951616978e-06
2020-12-15 17:00:02.441000,6.188730594658409e-07
2020-12-15 17:15:02.193000,5.165222560776783e-08
2020-12-15 17:30:00.309000,4.31790470045712e-09
2020-12-15 17:45:03.019000,3.6270561554196945e-10
2020-12-15 18:00:02.192000,3.0482897456218794e-11
2020-12-15 18:15:04.408000,2.5647897434338818e-12
2020-12-15 18:30:02.285000,2.1434477727889228e-13
2020-12-15 18:45:02.206000,1.803290115430685e-14
2020-12-15 19:00:02.192000,3.9486
2020-12-15 19:15:02.162000,17.3176
2020-12-15 19:30:02.478000,57.5887
2020-12-15 19:45:02.178000,69.3654
2020-12-15 20:00:02.206000,119.1999
2020-12-15 20:15:02.295000,145.2517
2020-12-15 20:30:02.234000,182.4441
2020-12-15 20:45:09.421000,208.0059
2020-12-15 21:00:02.191000,250.5074
2020-12-15 21:15:05.052000,261.7603
2020-12-15 21:30:02.240000,289.9952
2020-12-15 21:45:02.210000,297.2299
2020-12-15 22:00:02.280000,305.7035
2020-12-15 22:15:02.350000,329.2176
2020-12-15 22:30:02.127000,313.6084
2020-12-15 22:45:02.162000,310.4451
2020-12-15 23:00:02.205000,322.2722
2020-12-15 23:15:02.245000,201.2131
2020-12-15 23:30:02.224000,155.4238
2020-12-15 23:45:02.345000,158.0138
2020-12-16 00:00:02.338000,153.847
2020-12-16 00:15:02.511000,155.3564
2020-12-16 00:30:02.188000,153.8572
2020-12-16 00:45:02.207000,157.4209
2020-12-16 01:00:02.193000,156.9829
2020-12-16 01:15:02.173000,144.5904
2020-12-16 01:30:02.172000,150.9428
2020-12-16 01:45:02.217000,151.485
2020-12-16 02:00:02.309000,151.7332
2020-12-16 02:15:02.217000,143.1207
2020-12-16 02:30:02.354000,143.7915
2020-12-16 02:45:02.162000,146.5806
2020-12-16 03:00:02.111000,141.1208
2020-12-16 03:15:02.099000,162.174
2020-12-16 05:00:02.174000,153.6865
2020-12-16 05:15:12.211000,158.6572
2020-12-16 05:30:02.150000,148.6926
2020-12-16 05:45:02.114000,165.2468
2020-12-16 06:00:02.152000,159.757
2020-12-16 06:15:02.119000,150.6098
2020-12-16 06:30:02.116000,155.7738
2020-12-16 06:45:02.202000,158.4334
2020-12-16 07:00:02.160000,154.8898
2020-12-16 07:15:02.266000,161.6143
2020-12-16 07:30:02.117000,155.821
2020-12-16 07:45:02.135000,163.0565
2020-12-16 08:00:02.242000,158.1592
2020-12-16 08:15:02.214000,161.8155
2020-12-16 08:30:03.259000,154.9469
2020-12-16 08:45:02.140000,152.9415
2020-12-16 09:00:02.127000,155.462
2020-12-16 09:15:02.139000,157.2337
2020-12-16 09:30:02.189000,154.3041
2020-12-16 09:45:02.144000,162.455
2020-12-16 10:00:02.607000,152.1355
2020-12-16 10:15:02.175000,153.8866
2020-12-16 10:30:02.269000,159.2748
2020-12-16 10:45:02.169000,161.1233
2020-12-16 11:00:02.188000,166.706
2020-12-16 11:15:02.171000,161.5876
2020-12-16 11:30:02.157000,153.9969
2020-12-16 11:45:02.139000,176.919
2020-12-16 12:00:02.180000,281.1953
2020-12-16 12:15:02.119000,483.2714
2020-12-16 12:30:02.159000,545.2344
2020-12-16 12:45:02.170000,534.9128
2020-12-16 13:00:02.174000,480.4367
2020-12-16 13:15:02.348000,452.7144
2020-12-16 13:30:02.172000,432.0511
2020-12-16 13:45:02.180000,408.1351
2020-12-16 14:00:02.164000,416.8817
2020-12-16 14:15:02.161000,392.4189
2020-12-16 14:30:02.123000,308.558
2020-12-16 14:45:02.183000,262.3586
2020-12-16 15:00:02.218000,280.48
2020-12-16 15:15:02.205000,262.4771
2020-12-16 15:30:02.324000,326.5765
2020-12-16 15:45:02.186000,351.2431
2020-12-16 16:00:02.194000,354.2502
2020-12-16 16:15:02.152000,305.8967
2020-12-16 16:30:02.135000,333.6932
2020-12-16 16:45:02.182000,341.5491
2020-12-16 17:00:02.199000,361.6357
2020-12-16 17:15:02.451000,365.9297
2020-12-16 17:30:02.962000,364.1502
2020-12-16 17:45:03.002000,341.0948
2020-12-16 18:00:02.405000,345.0113
2020-12-16 18:15:03.447000,354.2281
2020-12-16 18:30:02.367000,369.5979
2020-12-16 18:45:03.532000,374.9556
2020-12-16 19:00:03.414000,382.679
2020-12-16 19:15:02.873000,371.5794
2020-12-16 19:30:02.281000,385.7654
2020-12-16 19:45:02.163000,380.0329
2020-12-16 20:00:02.225000,372.4617
2020-12-16 20:15:02.436000,370.5041
2020-12-16 20:30:02.117000,373.3261
2020-12-16 20:45:03.140000,371.8019
2020-12-16 21:00:02.155000,374.1871
2020-12-16 21:15:02.161000,372.5901
2020-12-16 21:30:02.156000,359.2084
2020-12-16 21:45:02.173000,373.5161
2020-12-16 22:00:02.249000,364.2517
2020-12-16 22:15:02.136000,369.9774
2020-12-16 22:30:02.184000,362.1726
2020-12-16 22:45:02.149000,369.1173
2020-12-16 23:00:02.127000,358.4169
2020-12-16 23:15:02.276000,218.4806
2020-12-16 23:30:02.201000,172.0322
2020-12-16 23:45:02.164000,167.0805
2020-12-17 00:00:02.122000,156.5334
2020-12-17 00:15:02.100000,162.998
2020-12-17 00:30:02.298000,161.6746
2020-12-17 00:45:02.209000,164.9358
2020-12-17 01:00:02.134000,165.8748
2020-12-17 01:15:02.109000,170.7403
2020-12-17 01:30:02.213000,168.1077
2020-12-17 01:45:10.755000,166.4243
2020-12-17 02:00:02.186000,171.3221
2020-12-17 02:15:02.144000,172.5378
2020-12-17 02:30:02.123000,155.6467
2020-12-17 02:45:02.166000,164.7547
2020-12-17 03:00:02.207000,177.3245
2020-12-17 03:15:02.148000,157.9389
2020-12-17 03:30:02.178000,166.6444
2020-12-17 03:45:02.240000,161.3027
2020-12-17 04:00:02.180000,154.9651
2020-12-17 04:15:02.162000,167.346
2020-12-17 04:30:02.160000,162.5069
2020-12-17 04:45:02.281000,171.4756
2020-12-17 05:00:02.157000,168.8727
2020-12-17 05:15:02.341000,154.8947
2020-12-17 05:30:02.207000,158.1366
2020-12-17 05:45:02.219000,166.1598
2020-12-17 06:00:02.171000,156.7991
2020-12-17 06:15:02.157000,164.373
2020-12-17 06:30:02.174000,165.4717
2020-12-17 06:45:02.110000,163.0582
2020-12-17 07:00:02.155000,169.0141
2020-12-17 07:15:02.205000,159.3192
2020-12-17 07:30:02.216000,166.176
2020-12-17 07:45:02.104000,167.3995
2020-12-17 08:00:02.119000,161.3642
2020-12-17 08:15:02.142000,172.2249
2020-12-17 08:30:02.325000,171.8368
2020-12-17 08:45:02.189000,169.3018
2020-12-17 09:00:02.254000,175.4094
2020-12-17 09:15:02.182000,169.6579
2020-12-17 09:30:02.222000,168.8521
2020-12-17 09:45:02.241000,177.9756
2020-12-17 10:00:02.222000,175.2426
2020-12-17 10:15:02.129000,177.447
2020-12-17 10:30:02.215000,216.7156
2020-12-17 10:45:02.358000,320.0528
2020-12-17 11:00:02.161000,323.4908
2020-12-17 11:15:02.187000,326.8769
2020-12-17 11:30:02.323000,323.6487
2020-12-17 11:45:02.196000,318.3126
2020-12-17 12:00:02.256000,312.6181
2020-12-17 12:15:02.110000,462.4879
2020-12-17 12:30:02.133000,517.5234
2020-12-17 12:45:02.206000,532.8576
2020-12-17 13:00:02.312000,512.8265
2020-12-17 13:15:02.114000,478.4235
2020-12-17 13:30:02.259000,462.2352
2020-12-17 13:45:02.243000,438.03
2020-12-17 14:00:02.209000,445.6368
2020-12-17 14:15:02.210000,437.2677
2020-12-17 14:30:02.190000,404.984
2020-12-17 14:45:02.154000,405.2486
2020-12-17 15:00:02.182000,378.4989
2020-12-17 15:15:02.245000,378.2934
2020-12-17 15:30:02.257000,375.9273
2020-12-17 15:45:02.237000,361.2872
2020-12-17 16:00:02.193000,369.936
2020-12-17 16:15:02.282000,359.6432
2020-12-17 16:30:02.238000,355.9254
2020-12-17 16:45:02.117000,352.2893
2020-12-17 17:00:02.258000,353.7459
2020-12-17 17:15:02.164000,345.6531
2020-12-17 17:30:02.204000,331.4401
2020-12-17 17:45:02.314000,323.7203
2020-12-17 18:00:02.578000,330.1609
2020-12-17 18:15:02.141000,320.1479
2020-12-17 18:30:02.230000,334.6183
2020-12-17 18:45:02.201000,350.276
2020-12-17 19:00:02.175000,340.4138
2020-12-17 19:15:02.208000,329.3631
2020-12-17 19:30:02.242000,324.2869
2020-12-17 19:45:02.267000,331.322
2020-12-17 20:00:02.237000,308.986
2020-12-17 20:15:02.204000,321.3259
2020-12-17 20:30:02.249000,316.8376
2020-12-17 20:45:02.215000,318.9491
2020-12-17 21:00:02.254000,322.524
2020-12-17 21:15:02.233000,322.4516
2020-12-17 21:30:02.199000,338.3137
2020-12-17 21:45:02.229000,342.3946
2020-12-17 22:00:02.236000,329.9612
2020-12-17 22:15:02.197000,313.6003
2020-12-17 22:30:02.157000,334.7739
2020-12-17 22:45:02.110000,338.3428
2020-12-17 23:00:02.133000,329.7913
2020-12-17 23:15:02.117000,214.2585
2020-12-17 23:30:02.172000,166.5529
2020-12-17 23:45:02.147000,159.8452
2020-12-18 00:00:02.098000,178.5179
2020-12-18 00:15:02.116000,155.5754
2020-12-18 00:30:02.120000,167.8403
2020-12-18 00:45:02.253000,154.8302
2020-12-18 01:00:02.165000,162.2087
2020-12-18 01:15:02.160000,163.8981
2020-12-18 01:30:02.162000,159.975
2020-12-18 01:45:02.103000,161.7621
2020-12-18 02:00:02.098000,159.9178
2020-12-18 02:15:02.161000,165.2186
2020-12-18 02:30:02.213000,163.8055
2020-12-18 02:45:02.240000,161.991
2020-12-18 03:00:02.146000,164.5405
2020-12-18 03:15:02.243000,174.3725
2020-12-18 03:30:02.277000,153.2545
2020-12-18 03:45:02.192000,164.4927
2020-12-18 04:00:02.209000,154.3873
2020-12-18 04:15:02.207000,164.7847
2020-12-18 04:30:02.153000,167.166
2020-12-18 04:45:02.152000,165.9888
2020-12-18 05:00:02.166000,165.0473
2020-12-18 05:15:05.929000,168.7978
2020-12-18 05:30:14.011000,166.6735
2020-12-18 05:46:19.443000,158.5437
2020-12-18 06:02:17.771000,169.2408
2020-12-18 06:15:37.911000,165.6098
2020-12-18 06:30:02.141000,162.905
2020-12-18 06:45:02.140000,169.8668
2020-12-18 07:00:02.204000,168.5123
2020-12-18 07:15:02.350000,166.707
2020-12-18 07:30:02.211000,176.4373
2020-12-18 07:45:02.160000,164.9894
2020-12-18 08:00:02.157000,173.4844
2020-12-18 08:15:02.171000,171.4794
2020-12-18 08:30:02.227000,162.2045
2020-12-18 08:45:02.316000,177.1899
2020-12-18 09:00:02.278000,175.8449
2020-12-18 09:15:02.240000,176.1197
2020-12-18 09:30:02.177000,185.2695
2020-12-18 09:45:02.204000,185.65
2020-12-18 10:00:02.204000,178.3516
2020-12-18 10:15:02.101000,180.499
2020-12-18 10:30:02.127000,191.7316
2020-12-18 10:45:02.129000,311.3407
2020-12-18 11:00:02.154000,316.6525
2020-12-18 11:15:02.147000,323.0024
2020-12-18 11:30:02.228000,308.6083
2020-12-18 11:45:02.258000,304.4018
2020-12-18 12:00:02.197000,379.6451
2020-12-18 12:15:02.428000,483.5436
2020-12-18 12:30:02.121000,518.9755
2020-12-18 12:45:02.147000,524.2176
2020-12-18 13:00:02.118000,503.6967
2020-12-18 13:15:02.085000,461.4982
2020-12-18 13:30:02.117000,444.61
2020-12-18 13:45:02.211000,428.2626
2020-12-18 14:00:02.231000,415.8459
2020-12-18 14:15:02.221000,408.4669
2020-12-18 14:30:02.165000,400.0976
2020-12-18 14:45:02.165000,396.9113
2020-12-18 15:00:02.219000,392.1192
2020-12-18 15:15:02.116000,390.2099
2020-12-18 15:30:02.118000,369.483
2020-12-18 15:45:02.154000,363.5003
2020-12-18 16:00:02.114000,355.5052
2020-12-18 16:15:02.155000,347.377
2020-12-18 16:30:02.123000,342.6933
2020-12-18 16:45:02.208000,344.1266
2020-12-18 17:00:02.157000,337.3398
2020-12-18 17:15:02.152000,309.4432
2020-12-18 17:30:02.144000,306.9339
2020-12-18 17:45:02.107000,287.3911
2020-12-18 18:00:02.138000,282.0612
2020-12-18 18:15:02.235000,271.6753
2020-12-18 18:30:02.192000,275.062
2020-12-18 18:45:02.435000,266.1555
2020-12-18 19:00:02.194000,278.2197
2020-12-18 19:15:02.179000,275.5131
2020-12-18 19:30:02.182000,261.0735
2020-12-18 19:45:02.240000,259.3261
2020-12-18 20:00:03.062000,267.0006
2020-12-18 20:15:02.224000,279.0536
2020-12-18 20:30:02.592000,267.269
2020-12-18 20:45:02.249000,286.7239
2020-12-18 21:00:02.409000,281.5929
2020-12-18 21:15:02.206000,288.1408
2020-12-18 21:30:02.221000,298.5402
2020-12-18 21:45:02.171000,298.9853
2020-12-18 22:00:02.186000,319.8664
2020-12-18 22:15:02.289000,322.5483
2020-12-18 22:30:02.131000,344.1008
2020-12-18 22:45:02.185000,334.7286
2020-12-18 23:00:02.222000,330.0733
2020-12-18 23:15:02.212000,211.8145
2020-12-18 23:30:02.176000,175.5081
2020-12-18 23:45:02.182000,160.0965
2020-12-19 00:00:02.172000,161.7245
2020-12-19 00:15:02.181000,166.6177
2020-12-19 00:30:02.151000,162.8261
2020-12-19 00:45:02.208000,163.3658
2020-12-19 01:00:02.185000,162.1733
2020-12-19 01:15:02.169000,162.7466
2020-12-19 01:30:02.175000,166.3939
2020-12-19 01:45:02.220000,166.0581
2020-12-19 02:00:02.171000,167.3183
2020-12-19 02:15:02.275000,165.8365
2020-12-19 02:30:02.152000,162.8061
2020-12-19 02:45:02.385000,163.686
2020-12-19 03:00:02.206000,165.2751
2020-12-19 03:15:02.119000,167.7732
2020-12-19 03:30:02.187000,175.8717
2020-12-19 03:45:02.164000,159.7292
2020-12-19 04:00:02.312000,165.8726
2020-12-19 04:15:02.181000,165.0849
2020-12-19 04:30:02.177000,163.2411
2020-12-19 04:45:02.205000,168.1664
2020-12-19 05:00:02.139000,159.4089
2020-12-19 05:15:23.137000,177.3364
2020-12-19 05:30:02.154000,166.4952
2020-12-19 05:45:02.206000,171.437
2020-12-19 06:00:02.138000,174.9841
2020-12-19 06:15:02.144000,170.0759
2020-12-19 06:30:02.251000,174.2966
2020-12-19 06:45:02.123000,174.6449
2020-12-19 07:00:02.169000,167.1222
2020-12-19 07:15:02.145000,170.0103
2020-12-19 07:30:02.334000,175.7921
2020-12-19 07:45:02.174000,175.7887
2020-12-19 08:00:02.206000,175.2337
2020-12-19 08:15:02.231000,176.6268
2020-12-19 08:30:02.365000,172.9694
2020-12-19 08:45:02.142000,187.1217
2020-12-19 09:00:02.169000,188.4566
2020-12-19 09:15:02.135000,197.2816
2020-12-19 09:30:02.255000,186.6306
2020-12-19 09:45:02.133000,182.0405
2020-12-19 10:00:02.196000,191.8086
2020-12-19 10:15:02.183000,183.9964
2020-12-19 10:30:02.171000,180.1579
2020-12-19 10:45:02.366000,203.4119
2020-12-19 11:00:02.144000,323.754
2020-12-19 11:15:02.113000,327.5889
2020-12-19 11:30:02.154000,321.7552
2020-12-19 11:45:02.152000,328.8875
2020-12-19 12:00:02.605000,374.6854
2020-12-19 12:15:02.162000,491.7347
2020-12-19 12:30:02.157000,545.5596
2020-12-19 12:45:02.324000,524.8312
2020-12-19 13:00:02.148000,522.1771
2020-12-19 13:15:02.110000,475.1678
2020-12-19 13:30:02.151000,459.5844
2020-12-19 13:45:02.194000,423.8958
2020-12-19 14:00:02.203000,430.2875
2020-12-19 14:15:02.148000,418.0815
2020-12-19 14:30:02.101000,402.2491
2020-12-19 14:45:02.146000,392.0734
2020-12-19 15:00:02.161000,377.4863
2020-12-19 15:15:02.173000,370.3045
2020-12-19 15:30:02.211000,364.6797
2020-12-19 15:45:02.178000,363.5588
2020-12-19 16:00:02.109000,356.0684
2020-12-19 16:15:02.107000,348.8062
2020-12-19 16:30:02.158000,350.9593
2020-12-19 16:45:02.161000,330.3448
2020-12-19 17:00:02.119000,314.1675
2020-12-19 17:15:02.122000,311.0547
2020-12-19 17:30:02.107000,308.3127
2020-12-19 17:45:02.154000,293.0418
2020-12-19 18:00:02.204000,296.4404
2020-12-19 18:15:02.303000,170.089
2020-12-19 18:30:02.159000,119.9445
2020-12-19 18:45:02.095000,114.8386
2020-12-19 19:00:02.140000,114.11
2020-12-19 19:15:02.154000,123.1474
2020-12-19 19:30:02.159000,123.5543
2020-12-19 19:45:02.105000,127.9681
2020-12-19 20:00:02.147000,127.9513
2020-12-19 20:15:02.183000,146.163
2020-12-19 20:30:02.412000,146.9481
2020-12-19 20:45:02.137000,141.4376
2020-12-19 21:00:02.105000,162.8658
2020-12-19 21:15:02.108000,150.7789
2020-12-19 21:30:02.105000,148.9563
2020-12-19 21:45:02.274000,150.5449
2020-12-19 22:00:02.180000,159.776
2020-12-19 22:15:02.175000,171.2478
2020-12-19 22:30:02.212000,160.0663
2020-12-19 22:45:02.264000,170.7824
2020-12-19 23:00:02.145000,163.895
2020-12-19 23:15:02.118000,171.1197
2020-12-19 23:30:02.118000,156.8156
2020-12-19 23:45:02.234000,164.5918
2020-12-20 00:00:02.166000,165.2189
2020-12-20 00:15:02.107000,163.8719
2020-12-20 00:30:02.147000,170.1078
2020-12-20 00:45:02.123000,170.6321
2020-12-20 01:00:02.185000,163.3178
2020-12-20 01:15:02.106000,164.8387
2020-12-20 01:30:02.116000,157.2994
2020-12-20 01:45:02.110000,160.0882
2020-12-20 02:00:02.116000,175.8009
2020-12-20 02:15:02.110000,163.0872
2020-12-20 02:30:02.122000,173.709
2020-12-20 02:45:02.207000,165.1215
2020-12-20 03:00:02.216000,162.7868
2020-12-20 03:15:02.142000,173.3978
2020-12-20 03:30:02.280000,165.3572
2020-12-20 03:45:02.154000,167.0214
2020-12-20 04:00:02.321000,169.8388
2020-12-20 04:15:02.231000,165.2025
2020-12-20 04:30:02.259000,171.4986
2020-12-20 04:45:02.120000,171.4944
2020-12-20 05:00:02.107000,166.5901
2020-12-20 05:15:02.132000,173.5434
2020-12-20 05:30:02.279000,166.4129
2020-12-20 05:45:02.130000,168.0551
2020-12-20 06:00:02.096000,173.5669
2020-12-20 06:15:02.147000,177.1828
2020-12-20 06:30:02.134000,183.5081
2020-12-20 06:45:02.172000,174.6874
2020-12-20 07:00:02.189000,181.2901
2020-12-20 07:15:02.225000,166.5194
2020-12-20 07:30:02.080000,165.2729
2020-12-20 07:45:02.087000,180.7783
2020-12-20 08:00:02.101000,173.8059
2020-12-20 08:15:02.152000,179.86
2020-12-20 08:30:02.143000,179.6978
2020-12-20 08:45:02.152000,168.268
2020-12-20 09:00:02.103000,173.2251
2020-12-20 09:15:02.094000,174.4471
2020-12-20 09:30:02.119000,176.8519
2020-12-20 09:45:02.143000,176.5098
2020-12-20 10:00:02.169000,171.8174
2020-12-20 10:15:02.186000,171.0108
2020-12-20 10:30:02.095000,186.2341
2020-12-20 10:45:02.122000,179.233
2020-12-20 11:00:02.133000,182.5569
2020-12-20 11:15:02.289000,176.577
2020-12-20 11:30:02.140000,167.8302
2020-12-20 11:45:02.110000,169.8748
2020-12-20 12:00:02.188000,170.7718
2020-12-20 12:15:02.293000,173.3283
2020-12-20 12:30:02.116000,182.4862
2020-12-20 12:45:02.134000,176.7949
2020-12-20 13:00:02.117000,177.7681
2020-12-20 13:15:02.318000,178.5896
2020-12-20 13:30:02.171000,171.7786
2020-12-20 13:45:02.142000,176.4416
2020-12-20 14:00:02.120000,182.051
2020-12-20 14:15:02.379000,175.3811
2020-12-20 14:30:02.122000,180.6746
2020-12-20 14:45:02.144000,174.4551
2020-12-20 15:00:02.203000,163.8804
2020-12-20 15:15:02.302000,172.364
2020-12-20 15:30:02.141000,161.0868
2020-12-20 15:45:02.136000,166.4559
2020-12-20 16:00:02.135000,171.593
2020-12-20 16:15:02.141000,168.8932
2020-12-20 16:30:02.101000,156.6359
2020-12-20 16:45:02.108000,165.0437
2020-12-20 17:00:02.118000,167.1268
2020-12-20 17:15:02.202000,157.0735
2020-12-20 17:30:02.202000,161.5279
2020-12-20 17:45:02.180000,138.8131
2020-12-20 18:00:02.378000,142.7124
2020-12-20 18:15:02.117000,140.7084
2020-12-20 18:30:02.222000,155.3356
2020-12-20 18:45:02.188000,152.8503
2020-12-20 19:00:02.230000,150.0603
2020-12-20 19:15:02.144000,153.3749
2020-12-20 19:30:02.207000,148.3179
2020-12-20 19:45:02.146000,146.876
2020-12-20 20:00:02.090000,159.3336
2020-12-20 20:15:02.128000,153.8568
2020-12-20 20:30:02.176000,167.6062
2020-12-20 20:45:02.399000,158.9688
2020-12-20 21:00:02.131000,162.0695
2020-12-20 21:15:02.176000,169.3286
2020-12-20 21:30:02.201000,171.2538
2020-12-20 21:45:02.180000,164.6847
2020-12-20 22:00:02.150000,167.0904
2020-12-20 22:15:02.182000,164.3897
2020-12-20 22:30:02.185000,165.4952
2020-12-20 22:45:02.218000,169.9046
2020-12-20 23:00:02.159000,164.9919
2020-12-20 23:15:02.148000,169.6392
2020-12-20 23:30:02.204000,170.8416
2020-12-20 23:45:02.174000,164.1095
2020-12-21 00:00:02.127000,170.6074
2020-12-21 00:15:02.184000,164.2126
2020-12-21 00:30:02.265000,165.8617
2020-12-21 00:45:02.114000,183.0477
2020-12-21 01:00:02.145000,176.6836
2020-12-21 01:15:02.179000,174.2665
2020-12-21 01:30:02.309000,185.7688
2020-12-21 01:45:02.191000,177.0988
2020-12-21 02:00:02.156000,186.4284
2020-12-21 02:15:02.100000,178.8694
2020-12-21 02:30:02.217000,174.5356
2020-12-21 02:45:02.108000,174.3452
2020-12-21 03:00:02.100000,174.5347
2020-12-21 03:15:02.108000,173.8723
2020-12-21 03:30:02.164000,171.3378
2020-12-21 03:45:02.151000,187.5446
2020-12-21 04:00:02.146000,175.945
2020-12-21 04:15:02.193000,177.8943
2020-12-21 04:30:02.133000,182.9483
2020-12-21 04:45:02.166000,187.0826
2020-12-21 05:00:02.158000,185.1519
2020-12-21 05:15:02.140000,187.6949
2020-12-21 05:30:02.149000,179.5859
2020-12-21 05:45:02.238000,193.3519
2020-12-21 06:00:02.250000,185.6759
2020-12-21 06:15:02.297000,171.5694
2020-12-21 06:30:02.125000,178.5307
2020-12-21 06:45:02.107000,182.0648
2020-12-21 07:00:02.120000,175.8938
2020-12-21 07:15:02.147000,184.1994
2020-12-21 07:30:02.157000,171.0327
2020-12-21 07:45:02.107000,173.2183
2020-12-21 08:00:02.118000,184.8204
2020-12-21 08:15:02.121000,185.4819
2020-12-21 08:30:02.141000,181.944
2020-12-21 08:45:02.104000,193.6829
2020-12-21 09:00:02.149000,187.7685
2020-12-21 09:15:02.121000,272.9495
2020-12-21 09:30:02.162000,289.9305
2020-12-21 09:45:02.181000,280.1653
2020-12-21 10:00:02.349000,276.6472
2020-12-21 10:15:02.384000,363.1808
2020-12-21 10:30:02.168000,424.6335
2020-12-21 10:45:02.295000,423.0934
2020-12-21 11:00:02.327000,401.6494
2020-12-21 11:15:02.352000,395.5463
2020-12-21 11:30:02.297000,390.6215
2020-12-21 11:45:02.325000,373.2563
2020-12-21 12:00:02.202000,373.5729
2020-12-21 12:15:02.349000,458.9713
2020-12-21 12:30:02.130000,509.2764
2020-12-21 12:45:02.206000,508.1002
2020-12-21 13:00:02.119000,459.1882
2020-12-21 13:15:02.200000,449.0416
2020-12-21 13:30:02.139000,437.6456
2020-12-21 13:45:02.171000,421.1987
2020-12-21 14:00:02.094000,434.1769
2020-12-21 14:15:02.122000,416.15
2020-12-21 14:30:02.550000,397.2981
2020-12-21 14:45:02.137000,412.1602
2020-12-21 15:00:02.163000,395.511
2020-12-21 15:15:02.158000,370.272
2020-12-21 15:30:02.170000,357.8985
2020-12-21 15:45:02.293000,358.2723
2020-12-21 16:00:02.168000,346.8591
2020-12-21 16:15:02.177000,352.7017
2020-12-21 16:30:02.140000,318.9868
2020-12-21 16:45:02.161000,323.8384
2020-12-21 17:00:02.176000,302.697
2020-12-21 17:15:02.148000,269.6212
2020-12-21 17:30:02.187000,248.2963
2020-12-21 17:45:02.166000,213.5326
2020-12-21 18:00:02.487000,177.0489
2020-12-21 18:15:02.226000,152.7979
2020-12-21 18:30:02.146000,160.2362
2020-12-21 18:45:02.149000,138.7774
2020-12-21 19:00:02.175000,164.8031
2020-12-21 19:15:02.170000,206.2891
2020-12-21 19:30:02.391000,176.5756
2020-12-21 19:45:02.154000,204.685
2020-12-21 20:00:02.177000,219.6232
2020-12-21 20:15:02.124000,245.0947
2020-12-21 20:30:02.135000,255.4317
2020-12-21 20:45:02.222000,263.6112
2020-12-21 21:00:02.252000,288.6628
2020-12-21 21:15:02.155000,287.7015
2020-12-21 21:30:02.190000,309.4321
2020-12-21 21:45:02.226000,302.2855
2020-12-21 22:00:02.362000,312.5924
2020-12-21 22:15:02.154000,307.8957
2020-12-21 22:30:02.164000,327.9373
2020-12-21 22:45:02.103000,319.1329
2020-12-21 23:00:02.194000,330.2603
2020-12-21 23:15:02.168000,197.756
2020-12-21 23:30:02.181000,169.2582
2020-12-21 23:45:02.126000,166.1289
2020-12-22 00:00:02.211000,163.9759
2020-12-22 00:15:02.101000,165.7525
2020-12-22 00:30:02.177000,158.1826
2020-12-22 00:45:02.142000,159.586
2020-12-22 01:00:02.152000,156.7423
2020-12-22 01:15:02.184000,152.2207
2020-12-22 01:30:02.210000,164.724
2020-12-22 01:45:02.125000,146.8804
2020-12-22 02:00:02.250000,154.7364
2020-12-22 02:15:02.148000,146.9156
2020-12-22 02:30:02.136000,150.5759
2020-12-22 02:45:02.216000,153.1609
2020-12-22 03:00:02.179000,145.6045
2020-12-22 03:15:02.264000,162.906
2020-12-22 03:30:02.132000,151.2377
2020-12-22 03:45:02.178000,147.8516
2020-12-22 04:00:02.158000,156.4734
2020-12-22 04:15:02.311000,158.832
2020-12-22 04:30:02.082000,161.9267
2020-12-22 04:45:02.092000,147.1022
2020-12-22 05:00:02.100000,153.005
2020-12-22 05:15:05.617000,150.6046
2020-12-22 05:31:28.244000,158.4875
2020-12-22 05:48:23.566000,158.1527
2020-12-22 06:03:14.049000,155.2335
2020-12-22 06:16:22.483000,160.8007
2020-12-22 06:30:02.071000,149.4435
2020-12-22 06:45:02.108000,156.8461
2020-12-22 07:00:02.128000,155.7372
2020-12-22 07:15:02.113000,154.599
2020-12-22 07:30:02.077000,165.9377
2020-12-22 07:45:02.241000,151.9079
2020-12-22 08:00:02.128000,153.5184
2020-12-22 08:15:02.105000,152.5059
2020-12-22 08:30:02.107000,171.614
2020-12-22 08:45:02.053000,167.3347
2020-12-22 09:00:02.075000,165.8809
2020-12-22 09:15:02.182000,158.4465
2020-12-22 09:30:02.129000,155.2737
2020-12-22 09:45:02.079000,156.3429
2020-12-22 10:00:02.168000,160.8742
2020-12-22 10:15:02.121000,164.6489
2020-12-22 10:30:02.292000,159.2226
2020-12-22 10:45:02.074000,149.3597
2020-12-22 11:00:02.084000,158.3199
2020-12-22 11:15:02.143000,223.0013
2020-12-22 11:30:02.139000,240.4055
2020-12-22 11:45:02.293000,243.1508
2020-12-22 12:00:02.099000,228.7773
2020-12-22 12:15:02.300000,443.316
2020-12-22 12:30:02.128000,450.6995
2020-12-22 12:45:02.131000,432.5818
2020-12-22 13:00:02.150000,401.6877
2020-12-22 13:15:02.124000,368.6729
2020-12-22 13:30:02.121000,349.7896
2020-12-22 13:45:02.372000,342.5807
2020-12-22 14:00:02.440000,368.5045
2020-12-22 14:15:02.305000,347.2267
2020-12-22 14:30:02.306000,353.6844
2020-12-22 14:45:02.134000,254.4788
2020-12-22 15:00:02.079000,216.7722
2020-12-22 15:15:02.149000,84.1758
2020-12-22 15:30:02.132000,86.2089
2020-12-22 15:45:02.076000,170.4948
2020-12-22 16:00:02.141000,124.6369
2020-12-22 16:15:02.102000,49.3322
2020-12-22 16:30:02.152000,10.9391
2020-12-22 16:45:02.396000,25.7782
2020-12-22 17:00:02.247000,36.0159
2020-12-22 17:15:02.141000,17.7078
2020-12-22 17:30:02.138000,27.0181
2020-12-22 17:45:02.140000,118.308
2020-12-22 18:00:02.140000,88.749
2020-12-22 18:15:02.127000,153.7221
2020-12-22 18:30:02.118000,145.6816
2020-12-22 18:45:02.220000,208.9407
2020-12-22 19:00:02.376000,60.5981
2020-12-22 19:15:02.096000,5.0983
2020-12-22 19:30:02.090000,0.4390806555747986
2020-12-22 19:45:02.353000,0.03693835064768791
2020-12-22 20:00:02.169000,0.003107580589130521
2020-12-22 20:15:02.135000,0.0002591033116914332
2020-12-22 20:30:02.165000,2.1800276954309084e-05
2020-12-22 20:45:02.142000,1.831330450841051e-06
2020-12-22 21:00:02.096000,1.5381040441297955e-07
2020-12-22 21:15:02.086000,1.2939078253282332e-08
2020-12-22 21:30:02.133000,1.0884845247360886e-09
2020-12-22 21:45:02.159000,9.135267542426107e-11
2020-12-22 22:00:02.082000,7.666321570620749e-12
2020-12-22 22:15:02.101000,7.576680710781603e-13
2020-12-22 22:30:02.120000,6.350389642308454e-14
2020-12-22 22:45:02.314000,5.342573070412932e-15
2020-12-22 23:00:02.117000,4.49495344696354e-16
2020-12-22 23:15:02.154000,3.7809644941300645e-17
2020-12-22 23:30:02.148000,3.1808624545927984e-18
2020-12-22 23:45:02.126000,2.663310641364548e-19
2020-12-23 00:00:02.190000,2.2352391167486157e-20
2020-12-23 00:15:02.105000,1.875712818320685e-21
2020-12-23 00:30:02.086000,1.561263395168727e-22
2020-12-23 00:45:02.114000,1.3124123474563645e-23
2020-12-23 01:00:02.119000,1.1029656947650013e-24
2020-12-23 01:15:02.112000,9.279150193580333e-26
2020-12-23 01:30:02.162000,7.805951220484929e-27
2020-12-23 01:45:02.159000,6.566663256927358e-28
2020-12-23 02:00:02.126000,5.524722036616117e-29
2020-12-23 02:15:02.137000,4.643175602358193e-30
2020-12-23 02:30:02.126000,3.8898464589190343e-31
2020-12-23 02:45:02.201000,3.263033903422861e-32
2020-12-23 03:00:02.118000,2.7373657969071913e-33
2020-12-23 03:15:02.136000,2.2849566840195754e-34
2020-12-23 03:30:02.155000,1.9224052119489145e-35
2020-12-23 03:45:02.243000,1.6173262229091995e-36
2020-12-23 04:00:02.170000,1.3606906284907182e-37
2020-12-23 04:15:02.134000,1.1447263207008004e-38
2020-12-23 04:30:02.075000,9.599581116872516e-40
2020-12-23 04:45:02.086000,8.071619284357379e-41
2020-12-23 05:00:02.166000,6.790692358118064e-42
2020-12-23 05:15:09.385000,5.7032847498020055e-43
2020-12-23 05:30:02.230000,4.764414778704378e-44
2020-12-23 05:45:02.120000,4.203895392974451e-45
2020-12-23 06:00:02.166000,0.0
2020-12-23 06:15:02.098000,0.0
2020-12-23 06:30:02.140000,0.0
2020-12-23 06:45:02.232000,0.0
2020-12-23 07:00:02.191000,0.0
2020-12-23 07:15:02.200000,0.0
2020-12-23 07:30:02.137000,0.0
2020-12-23 07:45:02.139000,0.0
2020-12-23 08:00:02.159000,0.0
2020-12-23 08:15:02.067000,0.0
2020-12-23 08:30:02.077000,0.0
2020-12-23 08:45:02.087000,0.0
2020-12-23 09:00:02.136000,0.0
2020-12-23 09:15:02.274000,0.0
2020-12-23 09:30:02.172000,0.0
2020-12-23 09:45:02.289000,0.0
2020-12-23 10:00:02.138000,0.0
2020-12-23 10:15:02.111000,0.0
2020-12-23 10:30:02.123000,0.0
2020-12-23 10:45:02.199000,0.0
2020-12-23 11:00:02.157000,0.0
2020-12-23 11:15:02.201000,0.0
2020-12-23 11:30:02.087000,0.0
2020-12-23 11:45:02.095000,0.0
2020-12-23 12:00:02.205000,0.0
2020-12-23 12:15:02.139000,0.0
2020-12-23 12:30:02.133000,0.0
2020-12-23 12:45:02.181000,0.0
2020-12-23 13:00:02.230000,0.0
2020-12-23 13:15:02.097000,0.0
2020-12-23 13:30:05.271000,0.0
2020-12-23 13:45:02.140000,0.0
2020-12-23 14:00:02.146000,0.0
2020-12-23 14:15:02.099000,0.0
2020-12-23 14:30:02.081000,0.0
2020-12-23 14:45:04.816000,0.0
2020-12-23 15:00:02.460000,0.0
2020-12-23 15:15:02.091000,20.1363
2020-12-23 15:30:02.177000,22.7879
2020-12-23 15:45:02.093000,44.6465
2020-12-23 16:00:02.126000,88.6971
2020-12-23 16:15:02.129000,107.2621
2020-12-23 16:30:02.195000,99.7188
2020-12-23 16:45:02.227000,138.5255
2020-12-23 17:00:02.140000,107.2018
2020-12-23 17:15:02.203000,120.0896
2020-12-23 17:30:02.148000,84.1002
2020-12-23 17:45:02.108000,55.3141
2020-12-23 18:00:02.096000,151.8666
2020-12-23 18:15:02.259000,140.0569
2020-12-23 18:30:02.123000,113.61
2020-12-23 18:45:02.154000,79.2075
2020-12-23 19:00:02.118000,42.2938
2020-12-23 19:15:02.122000,9.4815
2020-12-23 19:30:02.293000,8.3892
2020-12-23 19:45:02.175000,0.7058930993080139
2020-12-23 20:00:02.209000,0.06985730677843094
2020-12-23 20:15:02.112000,0.0058511667884886265
2020-12-23 20:30:02.115000,0.0004922518855892122
2020-12-23 20:45:02.187000,4.1173032514052466e-05
2020-12-23 21:00:02.087000,3.4637462249520468e-06
2020-12-23 21:15:02.089000,2.9141838808754983e-07
2020-12-23 21:30:02.172000,2.451647063139717e-08
2020-12-23 21:45:02.174000,2.0591943705738913e-09
2020-12-23 22:00:02.164000,1.727648163418749e-10
2020-12-23 22:15:02.137000,1.4533026691798678e-11
2020-12-23 22:30:02.078000,1.2225113499644835e-12
2020-12-23 22:45:02.166000,1.028527713302016e-13
2020-12-23 23:00:02.111000,8.652340759281955e-15
2020-12-23 23:15:02.139000,7.259788100809784e-16
2020-12-23 23:30:02.102000,6.094623078154365e-17
2020-12-23 23:45:02.172000,5.102526474259905e-18
2020-12-24 00:00:02.314000,4.2878571752668952e-19
2020-12-24 00:15:02.106000,3.6071411040051134e-20
2020-12-24 00:30:02.126000,3.0287973415614203e-21
2020-12-24 00:45:02.081000,2.540036189325583e-22
2020-12-24 01:00:02.129000,2.1292801025093474e-23
2020-12-24 01:15:02.125000,1.787438115512314e-24
2020-12-24 01:30:02.148000,1.488353114344216e-25
2020-12-24 01:45:02.120000,1.2522277861121233e-26
2020-12-24 02:00:02.118000,1.0528927079763828e-27
2020-12-24 02:15:02.230000,8.837783764148816e-29
2020-12-24 02:30:02.156000,7.435436231663032e-30
2020-12-24 02:45:02.174000,6.2551966452453455e-31
2020-12-24 03:00:02.146000,5.262849251357444e-32
2020-12-24 03:15:02.122000,4.427322413535553e-33
2020-12-24 03:30:02.078000,3.7249889212434665e-34
2020-12-24 03:45:02.205000,3.134071125327468e-35
2020-12-24 04:00:02.085000,2.6178739535505138e-36
2020-12-24 04:15:02.241000,2.2011295839223475e-37
2020-12-24 04:30:02.115000,1.8460515392423992e-38
2020-12-24 04:45:02.087000,1.540049433068403e-39
2020-12-24 05:00:02.247000,1.2917869893378326e-40
2020-12-24 05:15:02.135000,1.0840444920016785e-41
2020-12-24 05:30:02.115000,9.122453002754559e-43
2020-12-24 05:45:02.297000,7.707141553786494e-44
2020-12-24 06:00:02.086000,7.006492321624085e-45
2020-12-24 06:15:02.129000,0.0
2020-12-24 06:30:02.277000,0.0
2020-12-24 06:45:02.173000,0.0
2020-12-24 07:00:02.163000,0.0
2020-12-24 07:15:02.148000,0.0
2020-12-24 07:30:02.145000,0.0
2020-12-24 07:45:02.086000,0.0
2020-12-24 08:00:02.111000,0.0
2020-12-24 08:15:02.359000,0.0
2020-12-24 08:30:02.185000,0.0
2020-12-24 08:45:02.174000,0.0
2020-12-24 09:00:02.178000,0.0
2020-12-24 09:15:02.105000,0.0
2020-12-24 09:30:02.117000,0.0
2020-12-24 09:45:02.112000,0.0
2020-12-24 10:00:02.126000,0.0
2020-12-24 10:15:02.134000,0.0
2020-12-24 10:30:02.170000,0.0
2020-12-24 10:45:02.143000,0.0
2020-12-24 11:00:02.085000,0.0
2020-12-24 11:15:02.080000,0.0
2020-12-24 11:30:02.254000,0.0
2020-12-24 11:45:02.150000,0.0
2020-12-24 12:00:02.270000,0.0
2020-12-24 12:15:02.097000,0.0
2020-12-24 12:30:02.135000,0.0
2020-12-24 12:45:02.133000,0.0
2020-12-24 13:00:02.132000,0.0
2020-12-24 13:15:02.206000,0.0
2020-12-24 13:30:02.123000,0.0
2020-12-24 13:45:02.120000,0.0
2020-12-24 14:00:02.187000,0.0
2020-12-24 14:15:02.136000,0.0
2020-12-24 14:30:02.291000,0.0
2020-12-24 14:45:02.139000,0.0
2020-12-24 15:00:02.131000,0.0
2020-12-24 15:15:02.087000,0.0
2020-12-24 15:30:02.086000,0.0
2020-12-24 15:45:02.242000,0.0
2020-12-24 16:00:02.176000,0.0
2020-12-24 16:15:02.105000,22.4002
2020-12-24 16:30:02.069000,17.5325
2020-12-24 16:45:02.081000,1.4751
2020-12-24 17:00:02.112000,1.031
2020-12-24 17:15:02.214000,0.08673850446939468
2020-12-24 17:30:02.123000,0.007296336814761162
2020-12-24 17:45:02.167000,0.0006138800526969135
2020-12-24 18:00:02.144000,5.148912168806419e-05
2020-12-24 18:15:02.261000,4.320853804529179e-06
2020-12-24 18:30:02.278000,3.625141289376188e-07
2020-12-24 18:45:02.114000,3.04986222943171e-08
2020-12-24 19:00:02.148000,2.5660513713887667e-09
2020-12-24 19:15:02.310000,2.1590088050693623e-10
2020-12-24 19:30:02.200000,1.85552181258819e-11
2020-12-24 19:45:02.185000,1.5610056650072757e-12
2020-12-24 20:00:02.120000,1.3131891949715035e-13
2020-12-24 20:15:02.224000,1.1047642360932815e-14
2020-12-24 20:30:02.128000,9.295031454934128e-16
2020-12-24 20:45:02.131000,7.8191702473633e-17
2020-12-24 21:00:02.133000,6.5548248465121195e-18
2020-12-24 21:15:02.137000,5.510756339974346e-19
